<?xml version="1.0" encoding="UTF-8"?>
<hibernate-configuration>
<session-factory>
<property name="hibernate.connection.driver_class">com.mysql.jdbc.Driver</property>
<property name="hibernate.connection.password">sathiya</property>
<property name="hibernate.connection.username">root</property>
<property name="hibernate.dialect">org.hibernate.dialect.MySQLDialect</property>
<property name="hibernate.connection.url">jdbc:mysql://localhost:3306/manytomany</property>
<property name="show_sql">true</property>
<property name="hbm2ddl.auto">update</property>
<mapping class="manytomany.Ques"/>
<mapping class="manytomany.Answers"/>
</session-factory>
</hibernate-configuration>